id,title,title_alias,keywords
3fce6607-7071-4c7d-aae0-f8e43056f039,Al-Husayn Warith Adam Al-Shahid,,
3fe7af0c-7c70-4742-af09-9f96b7049574,Al-Aman,,
400532a2-467d-4cd9-95b7-86d86d58f44d,al-Mutahawilun ,,
405facdf-ffb5-4736-9db4-01d91f9c411d,Ibtalat Al-Ummam,,
40827200-a768-437d-8793-f3eec46b660f,Ayat al-Mubahala ,,
40cc1578-f2ef-4595-8b0c-d041af4e1c52,- al-Tara_ef fi Madhahib al-Tawa_if,,
41027eea-4f4e-4a90-b202-6fd3da76ad52,Al-Din Wal-Islam Aw Al-Da_wah Al-Islamiyyah,,
41e998b9-f09b-49a1-b7fa-68fb0942577f,al-Raj_a aw al-_awdah lil-Hayat al-Dunya,,
42ade107-603d-4c3f-8132-671704aa07ab,Al-Ghadir fi al-Kitab wa al-Sunnah wa al-Adab,,
4355ddb2-5165-4247-b254-588ba1afe34a,Al-Hayat,,
436d2a7f-d9ba-4ad5-9f65-9f47a29b0168,Al-Hukm al-Alawiya fi al-Munasabat al-Diniyah,,
458a3603-fb37-45ca-a8ba-19a3d9fd9951,Usul Al-_Aqaid Fi Al-Islam ,,
458ce4a7-9f4c-4418-b880-2a9691ad7e86,Fada_il Al-Imam Ali (AS),,
459d17d3-a21f-4c7e-a33a-fdc92d557fc0,Mawaddat Ahl al-Bayt wa-Fadailihim fi al-Kitab wal-Sunnah ,,
45ba5315-9140-4ac9-a12d-8563530c15f6,Darurat al-Ilm ,,
4717e80c-97bf-4ca9-8fde-f79a7f34433a,al-Shi_ah al-Imamiyyah Nash_at al-Ulum al-Islamiyyah,,
47880ded-bb6a-4e3d-bfe4-3ba74157654c,Harakat Al-Tarikh Al-Islami,,
48aef185-d847-457c-8f26-347143f39c3c,Tibb al-A_emma ,,
48c2eb14-875c-4352-a872-5e80c24e413d,Al-Hall Al-Qasdi Li Al-lughah ,,
491b107b-f052-4b7e-9a76-ffb25728243a,Wilayat Al-Faqih Wal-Nizam Al-Dusturi Al-Islami,,
493f4b9e-7318-4fc3-a41c-27d14143bdf5,"Misbah Al-Manhaj, Kitab Al-sawm",,
494b25c5-a650-4538-bc6c-5dde2481835c,Ishkalat At-Taa_amul Ma_a,,
496bc30a-c1aa-42b6-97bc-425b4945800e,Al-Islam Bi _Ayun Masihyyah,,
4998e95d-3e30-4fe9-aef2-73742b1418b8,Durus Min Al-Thaqafah Al-Islamiyyah,,
49f36350-2b28-4560-bc92-aa1e5bd753ec,Al-Faraj ba_d al-Shiddah,,
4a756406-c0f6-4837-9fd1-38f8a336a3dd,Mu_arakhats Fi Al-Fikr Wal-_Aqida,,
4b2c6c8b-548f-41d2-982d-8871302ad532,Bint Jbeil Hadi_at Jabal _Amil ,,
4b4f5073-a12a-4e5b-bebe-7ce571f8c094,Dalail al-Sidq Minhaj al-Haqq,,
4c6515bc-e0ea-4864-b84c-75c14bbbe0dc,Manahij al-Ta_lim Tara_iq al-Tadris ,,
4d1b1986-6f1a-4b93-b556-9795a4260867,Jami_ al-Sa_adat,,
4d314826-2db6-4f1e-95d3-9c4c74392526,Khazineh al-Asrar,,
4d55e6ed-2d52-43fe-9e08-7ba4b35ce36a,Kitab al-Majalis wal-Masa_ir,,
4e199663-99b5-4abe-aca3-f039ac15e433,Al-Jama_at Al-Islamiyah,,
4e7d12ae-375e-4abd-855b-f42a0f1eb0b5,Ahl al-Sunnah Sha_b Allah al-Mukhtar ,,
4ecbb4d5-3db7-4c13-a7a5-0ab05f859c16,al-Fusul al-Muhimmah fi Ta_lif al-Imam ,,
4ed044cc-8b17-455f-959e-6914294608fc,Huna Tuskab al-Abrat,,
4fac3c10-9bae-404b-b449-13a3d7d6f063,al-Intiqal al-Sa_b fi al-Madhhab wal-I_tiqad,,
4fc3bb6e-3b19-43af-ba2f-b2f9e268ac57,al-Tabrisi,,
522a6200-114a-47d5-b0e9-747ff328e559,al-Fikr al-Salafi _inda al-Shi_ah,,
5231a689-93f7-49f2-879b-4e916af61eca,Al-Mar_a fi Nahj Al-Balagha ,,
5290452f-f366-4eea-bcd4-1c52dd836ac1,al-San_ani,,
529e4573-997f-43c9-9c8c-ce96b5dad85a,Hiwar Fi Al-_Umq,,
52b39ebf-e468-45ad-801a-81787b69c2a1,Ruh al-Shar_iah al-Islamiyyah ,,
52dfb5c5-8f37-4175-8ff2-bf2eecd72797,Al-Diwan al-Nafis fi Abwab Paris,,
530563a4-10ab-4c10-aad1-b72c59a6989b,Mujtama_ al-Sahabah al-Zuruf al-Mawdu_iyyah ,,
53c0a0fc-a0a7-426e-a87e-9be1f9bdd03f,Nahj al-Balagha ,,
53d3f495-8d2d-466b-a01c-ab912b6189b3,Hafna min Rimal,,
53f9b01f-3ddc-42b8-a985-e5112b38b14f,Al-Riwaya Al-Ula ,,
54596881-4fd8-4ce5-9677-cc7662ab6a24,Al-Hurufi,,
54651f57-b712-4e52-a5ea-c13d2ff10d77,Hilyat al-Abrar,,
5526431b-4959-4afb-81a8-67c386a56887,Tasliyat al-Fawaid,,
5543c8b2-9bd3-4d88-8d89-51990c998950,Hada_iq al-Ans,,
555718d8-2311-4ff6-af16-7783eb38e3f4,Ahmad Mu_awwad Al-Injil,,
558c1c8f-7f22-496e-b2f2-d787f6de876a,Al-Islam Wal-Hadarah Al-Gharbiyah ,,
56edb336-eb35-449c-bbd4-9e92ededc1c2,Al-Qisas al-Ajiba,,
574668e0-43cc-44b8-9070-315c54cd37bd,Muhasabat al-Nafs ,,
57e41ceb-3e21-4172-961c-93453c0a6734,Madha Yukhfi al-Qadr ,,
5829e4e8-1560-4ad3-9fa4-12adcdfab627,Akhlaqiyat Al-_Alaqat Al-Zawjiyya ,,
58f46ba0-e07e-4dfa-9472-9bda08d184a7,Al-Fikr Al-Iqtisadi fi Nahj Al-Balagha,,
590b8b6a-c793-434d-aeb8-78e4b348f897,Fuqaha_ Al-Malikiyyah Li khodor,,
59a9bed5-80f6-42ca-9588-879224b93143,Ahkam al-Nahr al-Dawli ,,
59ddd328-5871-4465-9af0-13e954608eef,A_yan al-Shi_a ,,
5a0a434a-0fac-47aa-9fa4-a0f5d762dfcf,Nahw Fiqh lil-Mar_a Yuwakib Al-Hayah ,,
5a60ccdb-6e21-4257-8469-57c5c6ea42ba,Al-Namariq al-Fakhirah,,
5a87a2e2-1845-4e4e-8dfa-d23292ee6bbb,_Ajayib al-Makhluqat wa al-Hayawanat wa Ghara_ib al-Mawjudat ,,
5a93a912-c480-4b47-9612-6da8300f2f49,Hiwar ma_a Sadiqi al-Shi_i,,
5aa5b14b-eb7a-453d-81d6-6c4d8bd7a926,Al-Tariqa al-Qubanjiyya,,
5b03bf03-5ec7-494f-b4b9-609114fbc291,The Quran: A New Translation,,
5b66ee76-6787-4715-a38a-bbf68d6e752d,Tariqan Janna wa Na_im Nar wa Jahim ,,
5cb12968-43b6-4dc0-8936-56f91a5a9ccb,Munazarat fi al-Imamah,,
5d3d031b-05c4-48f9-8503-cb3b15e3ef87,Ma_a al-Siddiqin ,,
5d507f0d-8689-4bae-aa31-7650d80d0386,Hasbuna Kitab Allah ,,
5d8638d3-1ffc-4634-9c1f-936ecfb06dad,Al-_Adalah Al-Ijtima_iyyah Fi Al-Islam,,
5eb889fa-5593-4b4a-9272-1ba705523f11,Mabahij al-Fikr Manahij al-_ibar,,
5f353d20-4569-4941-aa35-34c5987f3be1,Mu_jam al-Khutaba ,,
5f53d28c-0800-4d58-a83e-b6d448d136ec,Hadith Ramadan,,
60420474-4aa7-43fd-8ef7-b9ffbda65295,Kitab al-Mawa_izh li ,,
60f49384-1aea-4c0f-b8a3-56ff39d21d12,Hiwar Fi Al-_Umq,,
612ce30a-d693-43e6-8d0a-5822b7e9708f, al-Nasib wal-Nawasib,,
6201e3ee-6678-4ed4-8aad-e984b1484b97, al-Sayyid Musa al-Sadr,,
621981f7-6f85-43fa-ac3e-8f7618bac008,Layali al-Akhbar ,,
624ffd42-73e5-4af0-8fff-23406e2d3104,Sirah Wa Hayat Al-Shahid Bihishti,,
630576a2-3ab7-42f6-bda3-020a7978a6e7,Alamatu Al-Sa_ah Al-Sughra Wa-Al-Kubra,,
63d8cc42-21ff-4f34-8540-e9b334f45a09,al-Shura fi al-Imamah ,,
63efa073-a6c0-463b-9fed-5d84d6d92553,Al-Shahadah Al-Thalithah Al-Muqaddasah,,
64b0218e-4c70-464e-97fa-94f379941d37,Majalat Al-Tawhid,,
652954d5-2952-429d-9717-37df2d583eb0,Al-Sahabah Fi Hajmihim Al-Haqiqi,,
6542d466-b342-4cee-ab4d-b6c5188029d6,Shi_at Al-Sultah Wa-Shi_at Al-_Iraq,,
65968f4e-73a6-4c2a-8793-b1bc0d157697,Diwan al-Shi_r Abd al-Muttalib,,
65b73385-54cd-49fa-abcc-05faf37b55d8,Al-Masa_il al-Tibbiyyah ,,
661258d9-f431-4b4d-b44b-5dc423d28a51,Nizam Huquq al-Mar_ah fi al-Islam ,,
66881204-866d-4c37-a59d-b1e49b8e1c54,Nafhat al-Yaman,,
6850e0d6-8528-4da5-b257-05f5b20ad337,Ma_a al-Sadiqin ,,
688bf7e8-f57f-47a5-b4f5-2c2f516992a8,Risalah Al-Thaqalayn,,
68c1b4fe-32e9-4c3f-8cec-3c44390104a8,Al-_Ishrah bil-Ma_ruf ,,
693a897f-db1d-4b5d-85d8-723071211f74,Al-Tadkhin ,,
69466b25-7974-49d0-9b48-48def5343eda,AL-Ta_ifiyah Bayn AL-Siyasah Wa AL-Din,,
697ef225-652d-42e5-80af-fe4407bd2ad7,Ahkam al-Safar,,
69977e95-cf40-408f-af25-8ac5965964fb,Firaq al-Shi_ah,,